[
  {
    "model": "planetarium.planetariumdome",
    "pk": 1,
    "fields": {
      "name": "Dome 1",
      "rows": 5,
      "seats_in_row": 10
    }
  },
  {
    "model": "planetarium.planetariumdome",
    "pk": 2,
    "fields": {
      "name": "Dome 2",
      "rows": 7,
      "seats_in_row": 8
    }
  },
  {
    "model": "planetarium.planetariumdome",
    "pk": 3,
    "fields": {
      "name": "Dome 3",
      "rows": 6,
      "seats_in_row": 12
    }
  },
  {
    "model": "planetarium.planetariumdome",
    "pk": 4,
    "fields": {
      "name": "Dome 4",
      "rows": 8,
      "seats_in_row": 9
    }
  },
  {
    "model": "planetarium.showtheme",
    "pk": 1,
    "fields": {
      "name": "Astronomy"
    }
  },
  {
    "model": "planetarium.showtheme",
    "pk": 2,
    "fields": {
      "name": "Space Exploration"
    }
  },
  {
    "model": "planetarium.showtheme",
    "pk": 3,
    "fields": {
      "name": "Cosmic Wonders"
    }
  },
  {
    "model": "planetarium.showtheme",
    "pk": 4,
    "fields": {
      "name": "Black Holes"
    }
  },
  {
    "model": "planetarium.astronomyshow",
    "pk": 1,
    "fields": {
      "title": "Astronomy Show 1",
      "description": "An amazing astronomy show.",
      "image": null,
      "show_themes": [1, 2]
    }
  },
  {
    "model": "planetarium.astronomyshow",
    "pk": 2,
    "fields": {
      "title": "Space Odyssey",
      "description": "A journey through space.",
      "image": null,
      "show_themes": [2]
    }
  },
  {
    "model": "planetarium.astronomyshow",
    "pk": 3,
    "fields": {
      "title": "Stargazing Adventure",
      "description": "Explore the wonders of the night sky.",
      "image": null,
      "show_themes": [1, 3]
    }
  },
  {
    "model": "planetarium.astronomyshow",
    "pk": 4,
    "fields": {
      "title": "Black Holes Revealed",
      "description": "A journey to the heart of black holes.",
      "image": null,
      "show_themes": [4]
    }
  },
  {
    "model": "planetarium.showsession",
    "pk": 1,
    "fields": {
      "show_time": "2023-10-22T12:00:00Z",
      "astronomy_show": 1,
      "planetarium_dome": 1
    }
  },
  {
    "model": "planetarium.showsession",
    "pk": 2,
    "fields": {
      "show_time": "2023-10-22T15:00:00Z",
      "astronomy_show": 2,
      "planetarium_dome": 2
    }
  },
  {
    "model": "planetarium.showsession",
    "pk": 3,
    "fields": {
      "show_time": "2023-10-22T18:00:00Z",
      "astronomy_show": 3,
      "planetarium_dome": 3
    }
  },
  {
    "model": "planetarium.showsession",
    "pk": 4,
    "fields": {
      "show_time": "2023-10-22T21:00:00Z",
      "astronomy_show": 4,
      "planetarium_dome": 4
    }
  },
  {
    "model": "planetarium.reservation",
    "pk": 1,
    "fields": {
      "created_at": "2023-10-22T10:00:00Z",
      "user": 1
    }
  },
  {
    "model": "planetarium.ticket",
    "pk": 1,
    "fields": {
      "show_session": 1,
      "reservation": 1,
      "row": 1,
      "seat": 2
    }
  },
  {
    "model": "planetarium.planetariumdome",
    "pk": 5,
    "fields": {
      "name": "Dome 5",
      "rows": 9,
      "seats_in_row": 11
    }
  },
  {
    "model": "planetarium.planetariumdome",
    "pk": 6,
    "fields": {
      "name": "Dome 6",
      "rows": 10,
      "seats_in_row": 10
    }
  },
  {
    "model": "planetarium.planetariumdome",
    "pk": 7,
    "fields": {
      "name": "Dome 7",
      "rows": 6,
      "seats_in_row": 12
    }
  },
  {
    "model": "planetarium.showtheme",
    "pk": 5,
    "fields": {
      "name": "Planets"
    }
  },
  {
    "model": "planetarium.showtheme",
    "pk": 6,
    "fields": {
      "name": "Nebulas"
    }
  },
  {
    "model": "planetarium.showtheme",
    "pk": 7,
    "fields": {
      "name": "Galaxies"
    }
  },
  {
    "model": "planetarium.showtheme",
    "pk": 8,
    "fields": {
      "name": "Solar System"
    }
  },
  {
    "model": "planetarium.astronomyshow",
    "pk": 5,
    "fields": {
      "title": "Planet Tour",
      "description": "Explore the wonders of our solar system.",
      "image": null,
      "show_themes": [5, 8]
    }
  },
  {
    "model": "planetarium.astronomyshow",
    "pk": 6,
    "fields": {
      "title": "Nebula Mysteries",
      "description": "Journey through the beauty of nebulae.",
      "image": null,
      "show_themes": [6]
    }
  },
  {
    "model": "planetarium.astronomyshow",
    "pk": 7,
    "fields": {
      "title": "Galactic Wonders",
      "description": "Discover the majesty of galaxies.",
      "image": null,
      "show_themes": [7]
    }
  },
  {
    "model": "planetarium.astronomyshow",
    "pk": 8,
    "fields": {
      "title": "Solar System Odyssey",
      "description": "A journey through our solar system.",
      "image": null,
      "show_themes": [8]
    }
  },
  {
    "model": "planetarium.showsession",
    "pk": 5,
    "fields": {
      "show_time": "2023-10-23T14:00:00Z",
      "astronomy_show": 5,
      "planetarium_dome": 5
    }
  },
  {
    "model": "planetarium.showsession",
    "pk": 6,
    "fields": {
      "show_time": "2023-10-23T16:00:00Z",
      "astronomy_show": 6,
      "planetarium_dome": 6
    }
  },
  {
    "model": "planetarium.showsession",
    "pk": 7,
    "fields": {
      "show_time": "2023-10-23T18:00:00Z",
      "astronomy_show": 7,
      "planetarium_dome": 7
    }
  },
  {
    "model": "planetarium.showsession",
    "pk": 8,
    "fields": {
      "show_time": "2023-10-23T20:00:00Z",
      "astronomy_show": 8,
      "planetarium_dome": 8
    }
  },
  {
    "model": "planetarium.reservation",
    "pk": 2,
    "fields": {
      "created_at": "2023-10-23T12:00:00Z",
      "user": 2
    }
  },
  {
    "model": "planetarium.ticket",
    "pk": 2,
    "fields": {
      "show_session": 5,
      "reservation": 2,
      "row": 3,
      "seat": 4
    }
  },
  {
    "model": "planetarium.planetariumdome",
    "pk": 8,
    "fields": {
      "name": "Dome 8",
      "rows": 7,
      "seats_in_row": 9
    }
  },
  {
    "model": "planetarium.planetariumdome",
    "pk": 9,
    "fields": {
      "name": "Dome 9",
      "rows": 6,
      "seats_in_row": 11
    }
  },
  {
    "model": "planetarium.planetariumdome",
    "pk": 10,
    "fields": {
      "name": "Dome 10",
      "rows": 9,
      "seats_in_row": 10
    }
  },
  {
    "model": "planetarium.showtheme",
    "pk": 9,
    "fields": {
      "name": "Exoplanets"
    }
  },
  {
    "model": "planetarium.showtheme",
    "pk": 10,
    "fields": {
      "name": "Space Travel"
    }
  },
  {
    "model": "planetarium.showtheme",
    "pk": 11,
    "fields": {
      "name": "Mars Mission"
    }
  },
  {
    "model": "planetarium.showtheme",
    "pk": 12,
    "fields": {
      "name": "Asteroids"
    }
  },
  {
    "model": "planetarium.astronomyshow",
    "pk": 9,
    "fields": {
      "title": "Exoplanet Explorers",
      "description": "Discover distant exoplanets.",
      "image": null,
      "show_themes": [9]
    }
  },
  {
    "model": "planetarium.astronomyshow",
    "pk": 10,
    "fields": {
      "title": "Journey to the Stars",
      "description": "Travel to distant stars.",
      "image": null,
      "show_themes": [10]
    }
  },
  {
    "model": "planetarium.astronomyshow",
    "pk": 11,
    "fields": {
      "title": "Mars Expedition",
      "description": "An adventure to the red planet.",
      "image": null,
      "show_themes": [11]
    }
  },
  {
    "model": "planetarium.astronomyshow",
    "pk": 12,
    "fields": {
      "title": "Asteroid Hunters",
      "description": "Tracking asteroids in space.",
      "image": null,
      "show_themes": [12]
    }
  },
  {
    "model": "planetarium.showsession",
    "pk": 9,
    "fields": {
      "show_time": "2023-10-24T12:00:00Z",
      "astronomy_show": 9,
      "planetarium_dome": 8
    }
  },
  {
    "model": "planetarium.showsession",
    "pk": 10,
    "fields": {
      "show_time": "2023-10-24T15:00:00Z",
      "astronomy_show": 10,
      "planetarium_dome": 9
    }
  },
  {
    "model": "planetarium.showsession",
    "pk": 11,
    "fields": {
      "show_time": "2023-10-24T18:00:00Z",
      "astronomy_show": 11,
      "planetarium_dome": 10
    }
  },
  {
    "model": "planetarium.showsession",
    "pk": 12,
    "fields": {
      "show_time": "2023-10-24T21:00:00Z",
      "astronomy_show": 12,
      "planetarium_dome": 1
    }
  },
  {
    "model": "planetarium.reservation",
    "pk": 3,
    "fields": {
      "created_at": "2023-10-24T10:00:00Z",
      "user": 3
    }
  },
  {
    "model": "planetarium.ticket",
    "pk": 3,
    "fields": {
      "show_session": 9,
      "reservation": 3,
      "row": 5,
      "seat": 6
    }
  },
  {
    "model": "planetarium.planetariumdome",
    "pk": 11,
    "fields": {
      "name": "Dome 11",
      "rows": 8,
      "seats_in_row": 10
    }
  },
  {
    "model": "planetarium.planetariumdome",
    "pk": 12,
    "fields": {
      "name": "Dome 12",
      "rows": 6,
      "seats_in_row": 9
    }
  },
  {
    "model": "planetarium.planetariumdome",
    "pk": 13,
    "fields": {
      "name": "Dome 13",
      "rows": 7,
      "seats_in_row": 12
    }
  },
  {
    "model": "planetarium.showtheme",
    "pk": 13,
    "fields": {
      "name": "Comets"
    }
  },
  {
    "model": "planetarium.showtheme",
    "pk": 14,
    "fields": {
      "name": "Eclipses"
    }
  },
  {
    "model": "planetarium.showtheme",
    "pk": 15,
    "fields": {
      "name": "Alien Worlds"
    }
  },
  {
    "model": "planetarium.showtheme",
    "pk": 16,
    "fields": {
      "name": "Telescopes"
    }
  },
  {
    "model": "planetarium.astronomyshow",
    "pk": 13,
    "fields": {
      "title": "Comet Watch",
      "description": "Observing comets in the night sky.",
      "image": null,
      "show_themes": [13]
    }
  },
  {
    "model": "planetarium.astronomyshow",
    "pk": 14,
    "fields": {
      "title": "Eclipse Experience",
      "description": "Witness the beauty of solar eclipses.",
      "image": null,
      "show_themes": [14]
    }
  },
  {
    "model": "planetarium.astronomyshow",
    "pk": 15,
    "fields": {
      "title": "Alien Worlds Revealed",
      "description": "Exploring planets beyond our solar system.",
      "image": null,
      "show_themes": [15]
    }
  },
  {
    "model": "planetarium.astronomyshow",
    "pk": 16,
    "fields": {
      "title": "Telescope Showcase",
      "description": "A journey through the history of telescopes.",
      "image": null,
      "show_themes": [16]
    }
  },
  {
    "model": "planetarium.showsession",
    "pk": 13,
    "fields": {
      "show_time": "2023-10-25T12:00:00Z",
      "astronomy_show": 13,
      "planetarium_dome": 11
    }
  },
  {
    "model": "planetarium.showsession",
    "pk": 14,
    "fields": {
      "show_time": "2023-10-25T15:00:00Z",
      "astronomy_show": 14,
      "planetarium_dome": 12
    }
  },
  {
    "model": "planetarium.showsession",
    "pk": 15,
    "fields": {
      "show_time": "2023-10-25T18:00:00Z",
      "astronomy_show": 15,
      "planetarium_dome": 13
    }
  },
  {
    "model": "planetarium.showsession",
    "pk": 16,
    "fields": {
      "show_time": "2023-10-25T21:00:00Z",
      "astronomy_show": 16,
      "planetarium_dome": 1
    }
  },
  {
    "model": "planetarium.reservation",
    "pk": 4,
    "fields": {
      "created_at": "2023-10-25T10:00:00Z",
      "user": 4
    }
  },
  {
    "model": "planetarium.ticket",
    "pk": 4,
    "fields": {
      "show_session": 13,
      "reservation": 4,
      "row": 2,
      "seat": 8
    }
  },
  {
    "model": "planetarium.planetariumdome",
    "pk": 17,
    "fields": {
      "name": "Dome 17",
      "rows": 9,
      "seats_in_row": 11
    }
  },
  {
    "model": "planetarium.planetariumdome",
    "pk": 18,
    "fields": {
      "name": "Dome 18",
      "rows": 7,
      "seats_in_row": 10
    }
  },
  {
    "model": "planetarium.planetariumdome",
    "pk": 19,
    "fields": {
      "name": "Dome 19",
      "rows": 8,
      "seats_in_row": 9
    }
  },
  {
    "model": "planetarium.showtheme",
    "pk": 17,
    "fields": {
      "name": "The Moon"
    }
  },
  {
    "model": "planetarium.showtheme",
    "pk": 18,
    "fields": {
      "name": "Mars"
    }
  },
  {
    "model": "planetarium.showtheme",
    "pk": 19,
    "fields": {
      "name": "Jupiter"
    }
  },
  {
    "model": "planetarium.showtheme",
    "pk": 20,
    "fields": {
      "name": "Saturn"
    }
  },
  {
    "model": "planetarium.astronomyshow",
    "pk": 17,
    "fields": {
      "title": "Moonlight Serenade",
      "description": "A romantic evening under the moonlight.",
      "image": null,
      "show_themes": [17]
    }
  },
  {
    "model": "planetarium.astronomyshow",
    "pk": 18,
    "fields": {
      "title": "Mars Unleashed",
      "description": "An action-packed adventure on the red planet.",
      "image": null,
      "show_themes": [18]
    }
  },
  {
    "model": "planetarium.astronomyshow",
    "pk": 19,
    "fields": {
      "title": "Journey to Jupiter",
      "description": "Explore the largest planet in our solar system.",
      "image": null,
      "show_themes": [19]
    }
  },
  {
    "model": "planetarium.astronomyshow",
    "pk": 20,
    "fields": {
      "title": "Secrets of Saturn",
      "description": "Unlocking the mysteries of the ringed planet.",
      "image": null,
      "show_themes": [20]
    }
  },
  {
    "model": "planetarium.showsession",
    "pk": 17,
    "fields": {
      "show_time": "2023-10-26T12:00:00Z",
      "astronomy_show": 17,
      "planetarium_dome": 17
    }
  },
  {
    "model": "planetarium.showsession",
    "pk": 18,
    "fields": {
      "show_time": "2023-10-26T15:00:00Z",
      "astronomy_show": 18,
      "planetarium_dome": 18
    }
  },
  {
    "model": "planetarium.showsession",
    "pk": 19,
    "fields": {
      "show_time": "2023-10-26T18:00:00Z",
      "astronomy_show": 19,
      "planetarium_dome": 19
    }
  },
  {
    "model": "planetarium.showsession",
    "pk": 20,
    "fields": {
      "show_time": "2023-10-26T21:00:00Z",
      "astronomy_show": 20,
      "planetarium_dome": 1
    }
  },
  {
    "model": "planetarium.reservation",
    "pk": 5,
    "fields": {
      "created_at": "2023-10-26T10:00:00Z",
      "user": 5
    }
  },
  {
    "model": "planetarium.ticket",
    "pk": 5,
    "fields": {
      "show_session": 17,
      "reservation": 5,
      "row": 4,
      "seat": 3
    }
  },
{
    "model": "user.user",
    "pk": 1,
    "fields": {
      "password": "pbkdf2_sha256$320000$oZqdjfUqKC500V7kk3kMmb$TBVlOMhfJxWrxbUnNpWZK0+rYM242g7do/YM5tkhn+M=",
      "last_login": null,
      "is_superuser": true,
      "first_name": "Admin",
      "last_name": "User",
      "email": "admin.user@cinema.com",
      "is_staff": true,
      "is_active": true,
      "date_joined": "2022-08-09T09:06:18.876Z",
      "groups": [],
      "user_permissions": []
    }
  },
  {
    "model": "user.user",
    "pk": 2,
    "fields": {
      "password": "pbkdf2_sha256$320000$73Z1Y57bcoscZ37s9rE9v0$4SEQ0TtXwJKzO5/CRdFSrTifatiPjkZ38gM2H8Kqsdg=",
      "last_login": null,
      "is_superuser": false,
      "first_name": "Ivan",
      "last_name": "Khripko",
      "email": "ivan.khripko@cinema.com",
      "is_staff": false,
      "is_active": true,
      "date_joined": "2022-08-09T09:06:18.876Z",
      "groups": [],
      "user_permissions": []
    }
  },
  {
    "model": "user.user",
    "pk": 3,
    "fields": {
      "password": "pbkdf2_sha256$320000$QtPol3T7x9quBj4BnbnVwW$UwT4kihkRfSvQEWEeuqVKwMgis2ikKVZfJDBcQMvOKY=",
      "last_login": null,
      "is_superuser": false,
      "first_name": "Mykola",
      "last_name": "Hmara",
      "email": "mykola.hmara@cinema.com",
      "is_staff": false,
      "is_active": true,
      "date_joined": "2022-08-09T09:06:18.876Z",
      "groups": [],
      "user_permissions": []
    }
  },
  {
    "model": "user.user",
    "pk": 4,
    "fields": {
      "password": "Bj4BnbnVwW$UwT4kihkRfSvQEWEeuqVKwMgis2ikKVZfJDBcQMvOKY=",
      "last_login": null,
      "is_superuser": false,
      "first_name": "Aria",
      "last_name": "Stark",
      "email": "aria@stark.com",
      "is_staff": false,
      "is_active": true,
      "date_joined": "2022-11-09T09:06:19.876Z",
      "groups": [],
      "user_permissions": []
    }
  },
  {
    "model": "user.user",
    "pk": 5,
    "fields": {
      "password": "Bj4BnbnVwW$UwT4kihkREWEeuqVKwMgis2ikKVZfJDBcQMvOKY=",
      "last_login": null,
      "is_superuser": false,
      "first_name": "Rob",
      "last_name": "Stark",
      "email": "rob@stark.com",
      "is_staff": false,
      "is_active": true,
      "date_joined": "2020-11-09T09:08:19.876Z",
      "groups": [],
      "user_permissions": []
    }
  }
]